Observation,Data_Marking,ValueDomain,Obs_Type,Obs_Type_Value,Unit_of_Measure_Eng,Geographic_Area,Time,Time_Type,CDID,Dimension_1,Dimension_Value_1,Dimension_2,Dimension_Value_2,Dimension_3,Dimension_Value_3
153223,,Count,,,,2013ADMIN,K04000001,,,,Sex,All categories: Sex,Age,All categories: Age 16 and over,Residence Type,All categories: Residence Type
118177,,Count,,,,2013ADMIN,K04000001,,,,Sex,All categories: Sex,Age,All categories: Age 16 and over,Residence Type,Lives in a household
35046,,Count,,,,2013ADMIN,K04000001,,,,Sex,All categories: Sex,Age,All categories: Age 16 and over,Residence Type,Lives in a communal establishment
47799,,Count,,,,2013ADMIN,K04000001,,,,Sex,All categories: Sex,Age,Age 16 to 24,Residence Type,All categories: Residence Type
28618,,Count,,,,2013ADMIN,K04000001,,,,Sex,All categories: Sex,Age,Age 16 to 24,Residence Type,Lives in a household
19181,,Count,,,,2013ADMIN,K04000001,,,,Sex,All categories: Sex,Age,Age 16 to 24,Residence Type,Lives in a communal establishment
53848,,Count,,,,2013ADMIN,K04000001,,,,Sex,All categories: Sex,Age,Age 25 to 34,Residence Type,All categories: Residence Type
41233,,Count,,,,2013ADMIN,K04000001,,,,Sex,All categories: Sex,Age,Age 25 to 34,Residence Type,Lives in a household
12615,,Count,,,,2013ADMIN,K04000001,,,,Sex,All categories: Sex,Age,Age 25 to 34,Residence Type,Lives in a communal establishment
42680,,Count,,,,2013ADMIN,K04000001,,,,Sex,All categories: Sex,Age,Age 35 to 49,Residence Type,All categories: Residence Type
39788,,Count,,,,2013ADMIN,K04000001,,,,Sex,All categories: Sex,Age,Age 35 to 49,Residence Type,Lives in a household
2892,,Count,,,,2013ADMIN,K04000001,,,,Sex,All categories: Sex,Age,Age 35 to 49,Residence Type,Lives in a communal establishment
8896,,Count,,,,2013ADMIN,K04000001,,,,Sex,All categories: Sex,Age,Age 50 and over,Residence Type,All categories: Residence Type
8538,,Count,,,,2013ADMIN,K04000001,,,,Sex,All categories: Sex,Age,Age 50 and over,Residence Type,Lives in a household
358,,Count,,,,2013ADMIN,K04000001,,,,Sex,All categories: Sex,Age,Age 50 and over,Residence Type,Lives in a communal establishment
138392,,Count,,,,2013ADMIN,K04000001,,,,Sex,Males,Age,All categories: Age 16 and over,Residence Type,All categories: Residence Type
106435,,Count,,,,2013ADMIN,K04000001,,,,Sex,Males,Age,All categories: Age 16 and over,Residence Type,Lives in a household
31957,,Count,,,,2013ADMIN,K04000001,,,,Sex,Males,Age,All categories: Age 16 and over,Residence Type,Lives in a communal establishment
43269,,Count,,,,2013ADMIN,K04000001,,,,Sex,Males,Age,Age 16 to 24,Residence Type,All categories: Residence Type
25639,,Count,,,,2013ADMIN,K04000001,,,,Sex,Males,Age,Age 16 to 24,Residence Type,Lives in a household
17630,,Count,,,,2013ADMIN,K04000001,,,,Sex,Males,Age,Age 16 to 24,Residence Type,Lives in a communal establishment
47784,,Count,,,,2013ADMIN,K04000001,,,,Sex,Males,Age,Age 25 to 34,Residence Type,All categories: Residence Type
36389,,Count,,,,2013ADMIN,K04000001,,,,Sex,Males,Age,Age 25 to 34,Residence Type,Lives in a household
11395,,Count,,,,2013ADMIN,K04000001,,,,Sex,Males,Age,Age 25 to 34,Residence Type,Lives in a communal establishment
39219,,Count,,,,2013ADMIN,K04000001,,,,Sex,Males,Age,Age 35 to 49,Residence Type,All categories: Residence Type
36540,,Count,,,,2013ADMIN,K04000001,,,,Sex,Males,Age,Age 35 to 49,Residence Type,Lives in a household
2679,,Count,,,,2013ADMIN,K04000001,,,,Sex,Males,Age,Age 35 to 49,Residence Type,Lives in a communal establishment
8120,,Count,,,,2013ADMIN,K04000001,,,,Sex,Males,Age,Age 50 and over,Residence Type,All categories: Residence Type
7867,,Count,,,,2013ADMIN,K04000001,,,,Sex,Males,Age,Age 50 and over,Residence Type,Lives in a household
253,,Count,,,,2013ADMIN,K04000001,,,,Sex,Males,Age,Age 50 and over,Residence Type,Lives in a communal establishment
14831,,Count,,,,2013ADMIN,K04000001,,,,Sex,Females,Age,All categories: Age 16 and over,Residence Type,All categories: Residence Type
11742,,Count,,,,2013ADMIN,K04000001,,,,Sex,Females,Age,All categories: Age 16 and over,Residence Type,Lives in a household
3089,,Count,,,,2013ADMIN,K04000001,,,,Sex,Females,Age,All categories: Age 16 and over,Residence Type,Lives in a communal establishment
4530,,Count,,,,2013ADMIN,K04000001,,,,Sex,Females,Age,Age 16 to 24,Residence Type,All categories: Residence Type
2979,,Count,,,,2013ADMIN,K04000001,,,,Sex,Females,Age,Age 16 to 24,Residence Type,Lives in a household
1551,,Count,,,,2013ADMIN,K04000001,,,,Sex,Females,Age,Age 16 to 24,Residence Type,Lives in a communal establishment
6064,,Count,,,,2013ADMIN,K04000001,,,,Sex,Females,Age,Age 25 to 34,Residence Type,All categories: Residence Type
4844,,Count,,,,2013ADMIN,K04000001,,,,Sex,Females,Age,Age 25 to 34,Residence Type,Lives in a household
1220,,Count,,,,2013ADMIN,K04000001,,,,Sex,Females,Age,Age 25 to 34,Residence Type,Lives in a communal establishment
3461,,Count,,,,2013ADMIN,K04000001,,,,Sex,Females,Age,Age 35 to 49,Residence Type,All categories: Residence Type
3248,,Count,,,,2013ADMIN,K04000001,,,,Sex,Females,Age,Age 35 to 49,Residence Type,Lives in a household
213,,Count,,,,2013ADMIN,K04000001,,,,Sex,Females,Age,Age 35 to 49,Residence Type,Lives in a communal establishment
776,,Count,,,,2013ADMIN,K04000001,,,,Sex,Females,Age,Age 50 and over,Residence Type,All categories: Residence Type
671,,Count,,,,2013ADMIN,K04000001,,,,Sex,Females,Age,Age 50 and over,Residence Type,Lives in a household
105,,Count,,,,2013ADMIN,K04000001,,,,Sex,Females,Age,Age 50 and over,Residence Type,Lives in a communal establishment
146348,,Count,,,,2013ADMIN,E92000001,,,,Sex,All categories: Sex,Age,All categories: Age 16 and over,Residence Type,All categories: Residence Type
112447,,Count,,,,2013ADMIN,E92000001,,,,Sex,All categories: Sex,Age,All categories: Age 16 and over,Residence Type,Lives in a household
33901,,Count,,,,2013ADMIN,E92000001,,,,Sex,All categories: Sex,Age,All categories: Age 16 and over,Residence Type,Lives in a communal establishment
45149,,Count,,,,2013ADMIN,E92000001,,,,Sex,All categories: Sex,Age,Age 16 to 24,Residence Type,All categories: Residence Type
26614,,Count,,,,2013ADMIN,E92000001,,,,Sex,All categories: Sex,Age,Age 16 to 24,Residence Type,Lives in a household
18535,,Count,,,,2013ADMIN,E92000001,,,,Sex,All categories: Sex,Age,Age 16 to 24,Residence Type,Lives in a communal establishment
51604,,Count,,,,2013ADMIN,E92000001,,,,Sex,All categories: Sex,Age,Age 25 to 34,Residence Type,All categories: Residence Type
39425,,Count,,,,2013ADMIN,E92000001,,,,Sex,All categories: Sex,Age,Age 25 to 34,Residence Type,Lives in a household
12179,,Count,,,,2013ADMIN,E92000001,,,,Sex,All categories: Sex,Age,Age 25 to 34,Residence Type,Lives in a communal establishment
41105,,Count,,,,2013ADMIN,E92000001,,,,Sex,All categories: Sex,Age,Age 35 to 49,Residence Type,All categories: Residence Type
38264,,Count,,,,2013ADMIN,E92000001,,,,Sex,All categories: Sex,Age,Age 35 to 49,Residence Type,Lives in a household
2841,,Count,,,,2013ADMIN,E92000001,,,,Sex,All categories: Sex,Age,Age 35 to 49,Residence Type,Lives in a communal establishment
8490,,Count,,,,2013ADMIN,E92000001,,,,Sex,All categories: Sex,Age,Age 50 and over,Residence Type,All categories: Residence Type
8144,,Count,,,,2013ADMIN,E92000001,,,,Sex,All categories: Sex,Age,Age 50 and over,Residence Type,Lives in a household
346,,Count,,,,2013ADMIN,E92000001,,,,Sex,All categories: Sex,Age,Age 50 and over,Residence Type,Lives in a communal establishment
132026,,Count,,,,2013ADMIN,E92000001,,,,Sex,Males,Age,All categories: Age 16 and over,Residence Type,All categories: Residence Type
101145,,Count,,,,2013ADMIN,E92000001,,,,Sex,Males,Age,All categories: Age 16 and over,Residence Type,Lives in a household
30881,,Count,,,,2013ADMIN,E92000001,,,,Sex,Males,Age,All categories: Age 16 and over,Residence Type,Lives in a communal establishment
40844,,Count,,,,2013ADMIN,E92000001,,,,Sex,Males,Age,Age 16 to 24,Residence Type,All categories: Residence Type
23830,,Count,,,,2013ADMIN,E92000001,,,,Sex,Males,Age,Age 16 to 24,Residence Type,Lives in a household
17014,,Count,,,,2013ADMIN,E92000001,,,,Sex,Males,Age,Age 16 to 24,Residence Type,Lives in a communal establishment
45720,,Count,,,,2013ADMIN,E92000001,,,,Sex,Males,Age,Age 25 to 34,Residence Type,All categories: Residence Type
34724,,Count,,,,2013ADMIN,E92000001,,,,Sex,Males,Age,Age 25 to 34,Residence Type,Lives in a household
10996,,Count,,,,2013ADMIN,E92000001,,,,Sex,Males,Age,Age 25 to 34,Residence Type,Lives in a communal establishment
37724,,Count,,,,2013ADMIN,E92000001,,,,Sex,Males,Age,Age 35 to 49,Residence Type,All categories: Residence Type
35095,,Count,,,,2013ADMIN,E92000001,,,,Sex,Males,Age,Age 35 to 49,Residence Type,Lives in a household
2629,,Count,,,,2013ADMIN,E92000001,,,,Sex,Males,Age,Age 35 to 49,Residence Type,Lives in a communal establishment
7738,,Count,,,,2013ADMIN,E92000001,,,,Sex,Males,Age,Age 50 and over,Residence Type,All categories: Residence Type
7496,,Count,,,,2013ADMIN,E92000001,,,,Sex,Males,Age,Age 50 and over,Residence Type,Lives in a household
242,,Count,,,,2013ADMIN,E92000001,,,,Sex,Males,Age,Age 50 and over,Residence Type,Lives in a communal establishment
14322,,Count,,,,2013ADMIN,E92000001,,,,Sex,Females,Age,All categories: Age 16 and over,Residence Type,All categories: Residence Type
11302,,Count,,,,2013ADMIN,E92000001,,,,Sex,Females,Age,All categories: Age 16 and over,Residence Type,Lives in a household
3020,,Count,,,,2013ADMIN,E92000001,,,,Sex,Females,Age,All categories: Age 16 and over,Residence Type,Lives in a communal establishment
4305,,Count,,,,2013ADMIN,E92000001,,,,Sex,Females,Age,Age 16 to 24,Residence Type,All categories: Residence Type
2784,,Count,,,,2013ADMIN,E92000001,,,,Sex,Females,Age,Age 16 to 24,Residence Type,Lives in a household
1521,,Count,,,,2013ADMIN,E92000001,,,,Sex,Females,Age,Age 16 to 24,Residence Type,Lives in a communal establishment
5884,,Count,,,,2013ADMIN,E92000001,,,,Sex,Females,Age,Age 25 to 34,Residence Type,All categories: Residence Type
4701,,Count,,,,2013ADMIN,E92000001,,,,Sex,Females,Age,Age 25 to 34,Residence Type,Lives in a household
1183,,Count,,,,2013ADMIN,E92000001,,,,Sex,Females,Age,Age 25 to 34,Residence Type,Lives in a communal establishment
3381,,Count,,,,2013ADMIN,E92000001,,,,Sex,Females,Age,Age 35 to 49,Residence Type,All categories: Residence Type
3169,,Count,,,,2013ADMIN,E92000001,,,,Sex,Females,Age,Age 35 to 49,Residence Type,Lives in a household
212,,Count,,,,2013ADMIN,E92000001,,,,Sex,Females,Age,Age 35 to 49,Residence Type,Lives in a communal establishment
752,,Count,,,,2013ADMIN,E92000001,,,,Sex,Females,Age,Age 50 and over,Residence Type,All categories: Residence Type
648,,Count,,,,2013ADMIN,E92000001,,,,Sex,Females,Age,Age 50 and over,Residence Type,Lives in a household
104,,Count,,,,2013ADMIN,E92000001,,,,Sex,Females,Age,Age 50 and over,Residence Type,Lives in a communal establishment
6875,,Count,,,,2013ADMIN,W92000004,,,,Sex,All categories: Sex,Age,All categories: Age 16 and over,Residence Type,All categories: Residence Type
5730,,Count,,,,2013ADMIN,W92000004,,,,Sex,All categories: Sex,Age,All categories: Age 16 and over,Residence Type,Lives in a household
1145,,Count,,,,2013ADMIN,W92000004,,,,Sex,All categories: Sex,Age,All categories: Age 16 and over,Residence Type,Lives in a communal establishment
2650,,Count,,,,2013ADMIN,W92000004,,,,Sex,All categories: Sex,Age,Age 16 to 24,Residence Type,All categories: Residence Type
2004,,Count,,,,2013ADMIN,W92000004,,,,Sex,All categories: Sex,Age,Age 16 to 24,Residence Type,Lives in a household
646,,Count,,,,2013ADMIN,W92000004,,,,Sex,All categories: Sex,Age,Age 16 to 24,Residence Type,Lives in a communal establishment
2244,,Count,,,,2013ADMIN,W92000004,,,,Sex,All categories: Sex,Age,Age 25 to 34,Residence Type,All categories: Residence Type
1808,,Count,,,,2013ADMIN,W92000004,,,,Sex,All categories: Sex,Age,Age 25 to 34,Residence Type,Lives in a household
436,,Count,,,,2013ADMIN,W92000004,,,,Sex,All categories: Sex,Age,Age 25 to 34,Residence Type,Lives in a communal establishment
1575,,Count,,,,2013ADMIN,W92000004,,,,Sex,All categories: Sex,Age,Age 35 to 49,Residence Type,All categories: Residence Type
1524,,Count,,,,2013ADMIN,W92000004,,,,Sex,All categories: Sex,Age,Age 35 to 49,Residence Type,Lives in a household
51,,Count,,,,2013ADMIN,W92000004,,,,Sex,All categories: Sex,Age,Age 35 to 49,Residence Type,Lives in a communal establishment
406,,Count,,,,2013ADMIN,W92000004,,,,Sex,All categories: Sex,Age,Age 50 and over,Residence Type,All categories: Residence Type
394,,Count,,,,2013ADMIN,W92000004,,,,Sex,All categories: Sex,Age,Age 50 and over,Residence Type,Lives in a household
12,,Count,,,,2013ADMIN,W92000004,,,,Sex,All categories: Sex,Age,Age 50 and over,Residence Type,Lives in a communal establishment
6366,,Count,,,,2013ADMIN,W92000004,,,,Sex,Males,Age,All categories: Age 16 and over,Residence Type,All categories: Residence Type
5290,,Count,,,,2013ADMIN,W92000004,,,,Sex,Males,Age,All categories: Age 16 and over,Residence Type,Lives in a household
1076,,Count,,,,2013ADMIN,W92000004,,,,Sex,Males,Age,All categories: Age 16 and over,Residence Type,Lives in a communal establishment
2425,,Count,,,,2013ADMIN,W92000004,,,,Sex,Males,Age,Age 16 to 24,Residence Type,All categories: Residence Type
1809,,Count,,,,2013ADMIN,W92000004,,,,Sex,Males,Age,Age 16 to 24,Residence Type,Lives in a household
616,,Count,,,,2013ADMIN,W92000004,,,,Sex,Males,Age,Age 16 to 24,Residence Type,Lives in a communal establishment
2064,,Count,,,,2013ADMIN,W92000004,,,,Sex,Males,Age,Age 25 to 34,Residence Type,All categories: Residence Type
1665,,Count,,,,2013ADMIN,W92000004,,,,Sex,Males,Age,Age 25 to 34,Residence Type,Lives in a household
399,,Count,,,,2013ADMIN,W92000004,,,,Sex,Males,Age,Age 25 to 34,Residence Type,Lives in a communal establishment
1495,,Count,,,,2013ADMIN,W92000004,,,,Sex,Males,Age,Age 35 to 49,Residence Type,All categories: Residence Type
1445,,Count,,,,2013ADMIN,W92000004,,,,Sex,Males,Age,Age 35 to 49,Residence Type,Lives in a household
50,,Count,,,,2013ADMIN,W92000004,,,,Sex,Males,Age,Age 35 to 49,Residence Type,Lives in a communal establishment
382,,Count,,,,2013ADMIN,W92000004,,,,Sex,Males,Age,Age 50 and over,Residence Type,All categories: Residence Type
371,,Count,,,,2013ADMIN,W92000004,,,,Sex,Males,Age,Age 50 and over,Residence Type,Lives in a household
11,,Count,,,,2013ADMIN,W92000004,,,,Sex,Males,Age,Age 50 and over,Residence Type,Lives in a communal establishment
509,,Count,,,,2013ADMIN,W92000004,,,,Sex,Females,Age,All categories: Age 16 and over,Residence Type,All categories: Residence Type
440,,Count,,,,2013ADMIN,W92000004,,,,Sex,Females,Age,All categories: Age 16 and over,Residence Type,Lives in a household
69,,Count,,,,2013ADMIN,W92000004,,,,Sex,Females,Age,All categories: Age 16 and over,Residence Type,Lives in a communal establishment
225,,Count,,,,2013ADMIN,W92000004,,,,Sex,Females,Age,Age 16 to 24,Residence Type,All categories: Residence Type
195,,Count,,,,2013ADMIN,W92000004,,,,Sex,Females,Age,Age 16 to 24,Residence Type,Lives in a household
30,,Count,,,,2013ADMIN,W92000004,,,,Sex,Females,Age,Age 16 to 24,Residence Type,Lives in a communal establishment
180,,Count,,,,2013ADMIN,W92000004,,,,Sex,Females,Age,Age 25 to 34,Residence Type,All categories: Residence Type
143,,Count,,,,2013ADMIN,W92000004,,,,Sex,Females,Age,Age 25 to 34,Residence Type,Lives in a household
37,,Count,,,,2013ADMIN,W92000004,,,,Sex,Females,Age,Age 25 to 34,Residence Type,Lives in a communal establishment
80,,Count,,,,2013ADMIN,W92000004,,,,Sex,Females,Age,Age 35 to 49,Residence Type,All categories: Residence Type
79,,Count,,,,2013ADMIN,W92000004,,,,Sex,Females,Age,Age 35 to 49,Residence Type,Lives in a household
1,,Count,,,,2013ADMIN,W92000004,,,,Sex,Females,Age,Age 35 to 49,Residence Type,Lives in a communal establishment
24,,Count,,,,2013ADMIN,W92000004,,,,Sex,Females,Age,Age 50 and over,Residence Type,All categories: Residence Type
23,,Count,,,,2013ADMIN,W92000004,,,,Sex,Females,Age,Age 50 and over,Residence Type,Lives in a household
1,,Count,,,,2013ADMIN,W92000004,,,,Sex,Females,Age,Age 50 and over,Residence Type,Lives in a communal establishment
5675,,Count,,,,2013ADMIN,E12000001,,,,Sex,All categories: Sex,Age,All categories: Age 16 and over,Residence Type,All categories: Residence Type
5327,,Count,,,,2013ADMIN,E12000001,,,,Sex,All categories: Sex,Age,All categories: Age 16 and over,Residence Type,Lives in a household
348,,Count,,,,2013ADMIN,E12000001,,,,Sex,All categories: Sex,Age,All categories: Age 16 and over,Residence Type,Lives in a communal establishment
2227,,Count,,,,2013ADMIN,E12000001,,,,Sex,All categories: Sex,Age,Age 16 to 24,Residence Type,All categories: Residence Type
2009,,Count,,,,2013ADMIN,E12000001,,,,Sex,All categories: Sex,Age,Age 16 to 24,Residence Type,Lives in a household
218,,Count,,,,2013ADMIN,E12000001,,,,Sex,All categories: Sex,Age,Age 16 to 24,Residence Type,Lives in a communal establishment
1907,,Count,,,,2013ADMIN,E12000001,,,,Sex,All categories: Sex,Age,Age 25 to 34,Residence Type,All categories: Residence Type
1806,,Count,,,,2013ADMIN,E12000001,,,,Sex,All categories: Sex,Age,Age 25 to 34,Residence Type,Lives in a household
101,,Count,,,,2013ADMIN,E12000001,,,,Sex,All categories: Sex,Age,Age 25 to 34,Residence Type,Lives in a communal establishment
1315,,Count,,,,2013ADMIN,E12000001,,,,Sex,All categories: Sex,Age,Age 35 to 49,Residence Type,All categories: Residence Type
1289,,Count,,,,2013ADMIN,E12000001,,,,Sex,All categories: Sex,Age,Age 35 to 49,Residence Type,Lives in a household
26,,Count,,,,2013ADMIN,E12000001,,,,Sex,All categories: Sex,Age,Age 35 to 49,Residence Type,Lives in a communal establishment
226,,Count,,,,2013ADMIN,E12000001,,,,Sex,All categories: Sex,Age,Age 50 and over,Residence Type,All categories: Residence Type
223,,Count,,,,2013ADMIN,E12000001,,,,Sex,All categories: Sex,Age,Age 50 and over,Residence Type,Lives in a household
3,,Count,,,,2013ADMIN,E12000001,,,,Sex,All categories: Sex,Age,Age 50 and over,Residence Type,Lives in a communal establishment
5123,,Count,,,,2013ADMIN,E12000001,,,,Sex,Males,Age,All categories: Age 16 and over,Residence Type,All categories: Residence Type
4816,,Count,,,,2013ADMIN,E12000001,,,,Sex,Males,Age,All categories: Age 16 and over,Residence Type,Lives in a household
307,,Count,,,,2013ADMIN,E12000001,,,,Sex,Males,Age,All categories: Age 16 and over,Residence Type,Lives in a communal establishment
1992,,Count,,,,2013ADMIN,E12000001,,,,Sex,Males,Age,Age 16 to 24,Residence Type,All categories: Residence Type
1810,,Count,,,,2013ADMIN,E12000001,,,,Sex,Males,Age,Age 16 to 24,Residence Type,Lives in a household
182,,Count,,,,2013ADMIN,E12000001,,,,Sex,Males,Age,Age 16 to 24,Residence Type,Lives in a communal establishment
1696,,Count,,,,2013ADMIN,E12000001,,,,Sex,Males,Age,Age 25 to 34,Residence Type,All categories: Residence Type
1599,,Count,,,,2013ADMIN,E12000001,,,,Sex,Males,Age,Age 25 to 34,Residence Type,Lives in a household
97,,Count,,,,2013ADMIN,E12000001,,,,Sex,Males,Age,Age 25 to 34,Residence Type,Lives in a communal establishment
1234,,Count,,,,2013ADMIN,E12000001,,,,Sex,Males,Age,Age 35 to 49,Residence Type,All categories: Residence Type
1208,,Count,,,,2013ADMIN,E12000001,,,,Sex,Males,Age,Age 35 to 49,Residence Type,Lives in a household
26,,Count,,,,2013ADMIN,E12000001,,,,Sex,Males,Age,Age 35 to 49,Residence Type,Lives in a communal establishment
201,,Count,,,,2013ADMIN,E12000001,,,,Sex,Males,Age,Age 50 and over,Residence Type,All categories: Residence Type
199,,Count,,,,2013ADMIN,E12000001,,,,Sex,Males,Age,Age 50 and over,Residence Type,Lives in a household
2,,Count,,,,2013ADMIN,E12000001,,,,Sex,Males,Age,Age 50 and over,Residence Type,Lives in a communal establishment
552,,Count,,,,2013ADMIN,E12000001,,,,Sex,Females,Age,All categories: Age 16 and over,Residence Type,All categories: Residence Type
511,,Count,,,,2013ADMIN,E12000001,,,,Sex,Females,Age,All categories: Age 16 and over,Residence Type,Lives in a household
41,,Count,,,,2013ADMIN,E12000001,,,,Sex,Females,Age,All categories: Age 16 and over,Residence Type,Lives in a communal establishment
235,,Count,,,,2013ADMIN,E12000001,,,,Sex,Females,Age,Age 16 to 24,Residence Type,All categories: Residence Type
199,,Count,,,,2013ADMIN,E12000001,,,,Sex,Females,Age,Age 16 to 24,Residence Type,Lives in a household
36,,Count,,,,2013ADMIN,E12000001,,,,Sex,Females,Age,Age 16 to 24,Residence Type,Lives in a communal establishment
211,,Count,,,,2013ADMIN,E12000001,,,,Sex,Females,Age,Age 25 to 34,Residence Type,All categories: Residence Type
207,,Count,,,,2013ADMIN,E12000001,,,,Sex,Females,Age,Age 25 to 34,Residence Type,Lives in a household
4,,Count,,,,2013ADMIN,E12000001,,,,Sex,Females,Age,Age 25 to 34,Residence Type,Lives in a communal establishment
81,,Count,,,,2013ADMIN,E12000001,,,,Sex,Females,Age,Age 35 to 49,Residence Type,All categories: Residence Type
81,,Count,,,,2013ADMIN,E12000001,,,,Sex,Females,Age,Age 35 to 49,Residence Type,Lives in a household
0,,Count,,,,2013ADMIN,E12000001,,,,Sex,Females,Age,Age 35 to 49,Residence Type,Lives in a communal establishment
25,,Count,,,,2013ADMIN,E12000001,,,,Sex,Females,Age,Age 50 and over,Residence Type,All categories: Residence Type
24,,Count,,,,2013ADMIN,E12000001,,,,Sex,Females,Age,Age 50 and over,Residence Type,Lives in a household
1,,Count,,,,2013ADMIN,E12000001,,,,Sex,Females,Age,Age 50 and over,Residence Type,Lives in a communal establishment
8918,,Count,,,,2013ADMIN,E12000002,,,,Sex,All categories: Sex,Age,All categories: Age 16 and over,Residence Type,All categories: Residence Type
8703,,Count,,,,2013ADMIN,E12000002,,,,Sex,All categories: Sex,Age,All categories: Age 16 and over,Residence Type,Lives in a household
215,,Count,,,,2013ADMIN,E12000002,,,,Sex,All categories: Sex,Age,All categories: Age 16 and over,Residence Type,Lives in a communal establishment
4175,,Count,,,,2013ADMIN,E12000002,,,,Sex,All categories: Sex,Age,Age 16 to 24,Residence Type,All categories: Residence Type
4028,,Count,,,,2013ADMIN,E12000002,,,,Sex,All categories: Sex,Age,Age 16 to 24,Residence Type,Lives in a household
147,,Count,,,,2013ADMIN,E12000002,,,,Sex,All categories: Sex,Age,Age 16 to 24,Residence Type,Lives in a communal establishment
2737,,Count,,,,2013ADMIN,E12000002,,,,Sex,All categories: Sex,Age,Age 25 to 34,Residence Type,All categories: Residence Type
2690,,Count,,,,2013ADMIN,E12000002,,,,Sex,All categories: Sex,Age,Age 25 to 34,Residence Type,Lives in a household
47,,Count,,,,2013ADMIN,E12000002,,,,Sex,All categories: Sex,Age,Age 25 to 34,Residence Type,Lives in a communal establishment
1581,,Count,,,,2013ADMIN,E12000002,,,,Sex,All categories: Sex,Age,Age 35 to 49,Residence Type,All categories: Residence Type
1571,,Count,,,,2013ADMIN,E12000002,,,,Sex,All categories: Sex,Age,Age 35 to 49,Residence Type,Lives in a household
10,,Count,,,,2013ADMIN,E12000002,,,,Sex,All categories: Sex,Age,Age 35 to 49,Residence Type,Lives in a communal establishment
425,,Count,,,,2013ADMIN,E12000002,,,,Sex,All categories: Sex,Age,Age 50 and over,Residence Type,All categories: Residence Type
414,,Count,,,,2013ADMIN,E12000002,,,,Sex,All categories: Sex,Age,Age 50 and over,Residence Type,Lives in a household
11,,Count,,,,2013ADMIN,E12000002,,,,Sex,All categories: Sex,Age,Age 50 and over,Residence Type,Lives in a communal establishment
8144,,Count,,,,2013ADMIN,E12000002,,,,Sex,Males,Age,All categories: Age 16 and over,Residence Type,All categories: Residence Type
7985,,Count,,,,2013ADMIN,E12000002,,,,Sex,Males,Age,All categories: Age 16 and over,Residence Type,Lives in a household
159,,Count,,,,2013ADMIN,E12000002,,,,Sex,Males,Age,All categories: Age 16 and over,Residence Type,Lives in a communal establishment
3762,,Count,,,,2013ADMIN,E12000002,,,,Sex,Males,Age,Age 16 to 24,Residence Type,All categories: Residence Type
3661,,Count,,,,2013ADMIN,E12000002,,,,Sex,Males,Age,Age 16 to 24,Residence Type,Lives in a household
101,,Count,,,,2013ADMIN,E12000002,,,,Sex,Males,Age,Age 16 to 24,Residence Type,Lives in a communal establishment
2515,,Count,,,,2013ADMIN,E12000002,,,,Sex,Males,Age,Age 25 to 34,Residence Type,All categories: Residence Type
2473,,Count,,,,2013ADMIN,E12000002,,,,Sex,Males,Age,Age 25 to 34,Residence Type,Lives in a household
42,,Count,,,,2013ADMIN,E12000002,,,,Sex,Males,Age,Age 25 to 34,Residence Type,Lives in a communal establishment
1483,,Count,,,,2013ADMIN,E12000002,,,,Sex,Males,Age,Age 35 to 49,Residence Type,All categories: Residence Type
1474,,Count,,,,2013ADMIN,E12000002,,,,Sex,Males,Age,Age 35 to 49,Residence Type,Lives in a household
9,,Count,,,,2013ADMIN,E12000002,,,,Sex,Males,Age,Age 35 to 49,Residence Type,Lives in a communal establishment
384,,Count,,,,2013ADMIN,E12000002,,,,Sex,Males,Age,Age 50 and over,Residence Type,All categories: Residence Type
377,,Count,,,,2013ADMIN,E12000002,,,,Sex,Males,Age,Age 50 and over,Residence Type,Lives in a household
7,,Count,,,,2013ADMIN,E12000002,,,,Sex,Males,Age,Age 50 and over,Residence Type,Lives in a communal establishment
774,,Count,,,,2013ADMIN,E12000002,,,,Sex,Females,Age,All categories: Age 16 and over,Residence Type,All categories: Residence Type
718,,Count,,,,2013ADMIN,E12000002,,,,Sex,Females,Age,All categories: Age 16 and over,Residence Type,Lives in a household
56,,Count,,,,2013ADMIN,E12000002,,,,Sex,Females,Age,All categories: Age 16 and over,Residence Type,Lives in a communal establishment
413,,Count,,,,2013ADMIN,E12000002,,,,Sex,Females,Age,Age 16 to 24,Residence Type,All categories: Residence Type
367,,Count,,,,2013ADMIN,E12000002,,,,Sex,Females,Age,Age 16 to 24,Residence Type,Lives in a household
46,,Count,,,,2013ADMIN,E12000002,,,,Sex,Females,Age,Age 16 to 24,Residence Type,Lives in a communal establishment
222,,Count,,,,2013ADMIN,E12000002,,,,Sex,Females,Age,Age 25 to 34,Residence Type,All categories: Residence Type
217,,Count,,,,2013ADMIN,E12000002,,,,Sex,Females,Age,Age 25 to 34,Residence Type,Lives in a household
5,,Count,,,,2013ADMIN,E12000002,,,,Sex,Females,Age,Age 25 to 34,Residence Type,Lives in a communal establishment
98,,Count,,,,2013ADMIN,E12000002,,,,Sex,Females,Age,Age 35 to 49,Residence Type,All categories: Residence Type
97,,Count,,,,2013ADMIN,E12000002,,,,Sex,Females,Age,Age 35 to 49,Residence Type,Lives in a household
1,,Count,,,,2013ADMIN,E12000002,,,,Sex,Females,Age,Age 35 to 49,Residence Type,Lives in a communal establishment
41,,Count,,,,2013ADMIN,E12000002,,,,Sex,Females,Age,Age 50 and over,Residence Type,All categories: Residence Type
37,,Count,,,,2013ADMIN,E12000002,,,,Sex,Females,Age,Age 50 and over,Residence Type,Lives in a household
4,,Count,,,,2013ADMIN,E12000002,,,,Sex,Females,Age,Age 50 and over,Residence Type,Lives in a communal establishment
15827,,Count,,,,2013ADMIN,E12000003,,,,Sex,All categories: Sex,Age,All categories: Age 16 and over,Residence Type,All categories: Residence Type
10759,,Count,,,,2013ADMIN,E12000003,,,,Sex,All categories: Sex,Age,All categories: Age 16 and over,Residence Type,Lives in a household
5068,,Count,,,,2013ADMIN,E12000003,,,,Sex,All categories: Sex,Age,All categories: Age 16 and over,Residence Type,Lives in a communal establishment
6660,,Count,,,,2013ADMIN,E12000003,,,,Sex,All categories: Sex,Age,Age 16 to 24,Residence Type,All categories: Residence Type
3407,,Count,,,,2013ADMIN,E12000003,,,,Sex,All categories: Sex,Age,Age 16 to 24,Residence Type,Lives in a household
3253,,Count,,,,2013ADMIN,E12000003,,,,Sex,All categories: Sex,Age,Age 16 to 24,Residence Type,Lives in a communal establishment
5337,,Count,,,,2013ADMIN,E12000003,,,,Sex,All categories: Sex,Age,Age 25 to 34,Residence Type,All categories: Residence Type
3788,,Count,,,,2013ADMIN,E12000003,,,,Sex,All categories: Sex,Age,Age 25 to 34,Residence Type,Lives in a household
1549,,Count,,,,2013ADMIN,E12000003,,,,Sex,All categories: Sex,Age,Age 25 to 34,Residence Type,Lives in a communal establishment
3230,,Count,,,,2013ADMIN,E12000003,,,,Sex,All categories: Sex,Age,Age 35 to 49,Residence Type,All categories: Residence Type
2979,,Count,,,,2013ADMIN,E12000003,,,,Sex,All categories: Sex,Age,Age 35 to 49,Residence Type,Lives in a household
251,,Count,,,,2013ADMIN,E12000003,,,,Sex,All categories: Sex,Age,Age 35 to 49,Residence Type,Lives in a communal establishment
600,,Count,,,,2013ADMIN,E12000003,,,,Sex,All categories: Sex,Age,Age 50 and over,Residence Type,All categories: Residence Type
585,,Count,,,,2013ADMIN,E12000003,,,,Sex,All categories: Sex,Age,Age 50 and over,Residence Type,Lives in a household
15,,Count,,,,2013ADMIN,E12000003,,,,Sex,All categories: Sex,Age,Age 50 and over,Residence Type,Lives in a communal establishment
14547,,Count,,,,2013ADMIN,E12000003,,,,Sex,Males,Age,All categories: Age 16 and over,Residence Type,All categories: Residence Type
9722,,Count,,,,2013ADMIN,E12000003,,,,Sex,Males,Age,All categories: Age 16 and over,Residence Type,Lives in a household
4825,,Count,,,,2013ADMIN,E12000003,,,,Sex,Males,Age,All categories: Age 16 and over,Residence Type,Lives in a communal establishment
6180,,Count,,,,2013ADMIN,E12000003,,,,Sex,Males,Age,Age 16 to 24,Residence Type,All categories: Residence Type
3053,,Count,,,,2013ADMIN,E12000003,,,,Sex,Males,Age,Age 16 to 24,Residence Type,Lives in a household
3127,,Count,,,,2013ADMIN,E12000003,,,,Sex,Males,Age,Age 16 to 24,Residence Type,Lives in a communal establishment
4842,,Count,,,,2013ADMIN,E12000003,,,,Sex,Males,Age,Age 25 to 34,Residence Type,All categories: Residence Type
3393,,Count,,,,2013ADMIN,E12000003,,,,Sex,Males,Age,Age 25 to 34,Residence Type,Lives in a household
1449,,Count,,,,2013ADMIN,E12000003,,,,Sex,Males,Age,Age 25 to 34,Residence Type,Lives in a communal establishment
2989,,Count,,,,2013ADMIN,E12000003,,,,Sex,Males,Age,Age 35 to 49,Residence Type,All categories: Residence Type
2752,,Count,,,,2013ADMIN,E12000003,,,,Sex,Males,Age,Age 35 to 49,Residence Type,Lives in a household
237,,Count,,,,2013ADMIN,E12000003,,,,Sex,Males,Age,Age 35 to 49,Residence Type,Lives in a communal establishment
536,,Count,,,,2013ADMIN,E12000003,,,,Sex,Males,Age,Age 50 and over,Residence Type,All categories: Residence Type
524,,Count,,,,2013ADMIN,E12000003,,,,Sex,Males,Age,Age 50 and over,Residence Type,Lives in a household
12,,Count,,,,2013ADMIN,E12000003,,,,Sex,Males,Age,Age 50 and over,Residence Type,Lives in a communal establishment
1280,,Count,,,,2013ADMIN,E12000003,,,,Sex,Females,Age,All categories: Age 16 and over,Residence Type,All categories: Residence Type
1037,,Count,,,,2013ADMIN,E12000003,,,,Sex,Females,Age,All categories: Age 16 and over,Residence Type,Lives in a household
243,,Count,,,,2013ADMIN,E12000003,,,,Sex,Females,Age,All categories: Age 16 and over,Residence Type,Lives in a communal establishment
480,,Count,,,,2013ADMIN,E12000003,,,,Sex,Females,Age,Age 16 to 24,Residence Type,All categories: Residence Type
354,,Count,,,,2013ADMIN,E12000003,,,,Sex,Females,Age,Age 16 to 24,Residence Type,Lives in a household
126,,Count,,,,2013ADMIN,E12000003,,,,Sex,Females,Age,Age 16 to 24,Residence Type,Lives in a communal establishment
495,,Count,,,,2013ADMIN,E12000003,,,,Sex,Females,Age,Age 25 to 34,Residence Type,All categories: Residence Type
395,,Count,,,,2013ADMIN,E12000003,,,,Sex,Females,Age,Age 25 to 34,Residence Type,Lives in a household
100,,Count,,,,2013ADMIN,E12000003,,,,Sex,Females,Age,Age 25 to 34,Residence Type,Lives in a communal establishment
241,,Count,,,,2013ADMIN,E12000003,,,,Sex,Females,Age,Age 35 to 49,Residence Type,All categories: Residence Type
227,,Count,,,,2013ADMIN,E12000003,,,,Sex,Females,Age,Age 35 to 49,Residence Type,Lives in a household
14,,Count,,,,2013ADMIN,E12000003,,,,Sex,Females,Age,Age 35 to 49,Residence Type,Lives in a communal establishment
64,,Count,,,,2013ADMIN,E12000003,,,,Sex,Females,Age,Age 50 and over,Residence Type,All categories: Residence Type
61,,Count,,,,2013ADMIN,E12000003,,,,Sex,Females,Age,Age 50 and over,Residence Type,Lives in a household
3,,Count,,,,2013ADMIN,E12000003,,,,Sex,Females,Age,Age 50 and over,Residence Type,Lives in a communal establishment
11686,,Count,,,,2013ADMIN,E12000004,,,,Sex,All categories: Sex,Age,All categories: Age 16 and over,Residence Type,All categories: Residence Type
10275,,Count,,,,2013ADMIN,E12000004,,,,Sex,All categories: Sex,Age,All categories: Age 16 and over,Residence Type,Lives in a household
1411,,Count,,,,2013ADMIN,E12000004,,,,Sex,All categories: Sex,Age,All categories: Age 16 and over,Residence Type,Lives in a communal establishment
3261,,Count,,,,2013ADMIN,E12000004,,,,Sex,All categories: Sex,Age,Age 16 to 24,Residence Type,All categories: Residence Type
2634,,Count,,,,2013ADMIN,E12000004,,,,Sex,All categories: Sex,Age,Age 16 to 24,Residence Type,Lives in a household
627,,Count,,,,2013ADMIN,E12000004,,,,Sex,All categories: Sex,Age,Age 16 to 24,Residence Type,Lives in a communal establishment
3829,,Count,,,,2013ADMIN,E12000004,,,,Sex,All categories: Sex,Age,Age 25 to 34,Residence Type,All categories: Residence Type
3289,,Count,,,,2013ADMIN,E12000004,,,,Sex,All categories: Sex,Age,Age 25 to 34,Residence Type,Lives in a household
540,,Count,,,,2013ADMIN,E12000004,,,,Sex,All categories: Sex,Age,Age 25 to 34,Residence Type,Lives in a communal establishment
3803,,Count,,,,2013ADMIN,E12000004,,,,Sex,All categories: Sex,Age,Age 35 to 49,Residence Type,All categories: Residence Type
3594,,Count,,,,2013ADMIN,E12000004,,,,Sex,All categories: Sex,Age,Age 35 to 49,Residence Type,Lives in a household
209,,Count,,,,2013ADMIN,E12000004,,,,Sex,All categories: Sex,Age,Age 35 to 49,Residence Type,Lives in a communal establishment
793,,Count,,,,2013ADMIN,E12000004,,,,Sex,All categories: Sex,Age,Age 50 and over,Residence Type,All categories: Residence Type
758,,Count,,,,2013ADMIN,E12000004,,,,Sex,All categories: Sex,Age,Age 50 and over,Residence Type,Lives in a household
35,,Count,,,,2013ADMIN,E12000004,,,,Sex,All categories: Sex,Age,Age 50 and over,Residence Type,Lives in a communal establishment
10386,,Count,,,,2013ADMIN,E12000004,,,,Sex,Males,Age,All categories: Age 16 and over,Residence Type,All categories: Residence Type
9141,,Count,,,,2013ADMIN,E12000004,,,,Sex,Males,Age,All categories: Age 16 and over,Residence Type,Lives in a household
1245,,Count,,,,2013ADMIN,E12000004,,,,Sex,Males,Age,All categories: Age 16 and over,Residence Type,Lives in a communal establishment
2918,,Count,,,,2013ADMIN,E12000004,,,,Sex,Males,Age,Age 16 to 24,Residence Type,All categories: Residence Type
2386,,Count,,,,2013ADMIN,E12000004,,,,Sex,Males,Age,Age 16 to 24,Residence Type,Lives in a household
532,,Count,,,,2013ADMIN,E12000004,,,,Sex,Males,Age,Age 16 to 24,Residence Type,Lives in a communal establishment
3276,,Count,,,,2013ADMIN,E12000004,,,,Sex,Males,Age,Age 25 to 34,Residence Type,All categories: Residence Type
2797,,Count,,,,2013ADMIN,E12000004,,,,Sex,Males,Age,Age 25 to 34,Residence Type,Lives in a household
479,,Count,,,,2013ADMIN,E12000004,,,,Sex,Males,Age,Age 25 to 34,Residence Type,Lives in a communal establishment
3450,,Count,,,,2013ADMIN,E12000004,,,,Sex,Males,Age,Age 35 to 49,Residence Type,All categories: Residence Type
3250,,Count,,,,2013ADMIN,E12000004,,,,Sex,Males,Age,Age 35 to 49,Residence Type,Lives in a household
200,,Count,,,,2013ADMIN,E12000004,,,,Sex,Males,Age,Age 35 to 49,Residence Type,Lives in a communal establishment
742,,Count,,,,2013ADMIN,E12000004,,,,Sex,Males,Age,Age 50 and over,Residence Type,All categories: Residence Type
708,,Count,,,,2013ADMIN,E12000004,,,,Sex,Males,Age,Age 50 and over,Residence Type,Lives in a household
34,,Count,,,,2013ADMIN,E12000004,,,,Sex,Males,Age,Age 50 and over,Residence Type,Lives in a communal establishment
1300,,Count,,,,2013ADMIN,E12000004,,,,Sex,Females,Age,All categories: Age 16 and over,Residence Type,All categories: Residence Type
1134,,Count,,,,2013ADMIN,E12000004,,,,Sex,Females,Age,All categories: Age 16 and over,Residence Type,Lives in a household
166,,Count,,,,2013ADMIN,E12000004,,,,Sex,Females,Age,All categories: Age 16 and over,Residence Type,Lives in a communal establishment
343,,Count,,,,2013ADMIN,E12000004,,,,Sex,Females,Age,Age 16 to 24,Residence Type,All categories: Residence Type
248,,Count,,,,2013ADMIN,E12000004,,,,Sex,Females,Age,Age 16 to 24,Residence Type,Lives in a household
95,,Count,,,,2013ADMIN,E12000004,,,,Sex,Females,Age,Age 16 to 24,Residence Type,Lives in a communal establishment
553,,Count,,,,2013ADMIN,E12000004,,,,Sex,Females,Age,Age 25 to 34,Residence Type,All categories: Residence Type
492,,Count,,,,2013ADMIN,E12000004,,,,Sex,Females,Age,Age 25 to 34,Residence Type,Lives in a household
61,,Count,,,,2013ADMIN,E12000004,,,,Sex,Females,Age,Age 25 to 34,Residence Type,Lives in a communal establishment
353,,Count,,,,2013ADMIN,E12000004,,,,Sex,Females,Age,Age 35 to 49,Residence Type,All categories: Residence Type
344,,Count,,,,2013ADMIN,E12000004,,,,Sex,Females,Age,Age 35 to 49,Residence Type,Lives in a household
9,,Count,,,,2013ADMIN,E12000004,,,,Sex,Females,Age,Age 35 to 49,Residence Type,Lives in a communal establishment
51,,Count,,,,2013ADMIN,E12000004,,,,Sex,Females,Age,Age 50 and over,Residence Type,All categories: Residence Type
50,,Count,,,,2013ADMIN,E12000004,,,,Sex,Females,Age,Age 50 and over,Residence Type,Lives in a household
1,,Count,,,,2013ADMIN,E12000004,,,,Sex,Females,Age,Age 50 and over,Residence Type,Lives in a communal establishment
9819,,Count,,,,2013ADMIN,E12000005,,,,Sex,All categories: Sex,Age,All categories: Age 16 and over,Residence Type,All categories: Residence Type
8102,,Count,,,,2013ADMIN,E12000005,,,,Sex,All categories: Sex,Age,All categories: Age 16 and over,Residence Type,Lives in a household
1717,,Count,,,,2013ADMIN,E12000005,,,,Sex,All categories: Sex,Age,All categories: Age 16 and over,Residence Type,Lives in a communal establishment
3792,,Count,,,,2013ADMIN,E12000005,,,,Sex,All categories: Sex,Age,Age 16 to 24,Residence Type,All categories: Residence Type
2797,,Count,,,,2013ADMIN,E12000005,,,,Sex,All categories: Sex,Age,Age 16 to 24,Residence Type,Lives in a household
995,,Count,,,,2013ADMIN,E12000005,,,,Sex,All categories: Sex,Age,Age 16 to 24,Residence Type,Lives in a communal establishment
3336,,Count,,,,2013ADMIN,E12000005,,,,Sex,All categories: Sex,Age,Age 25 to 34,Residence Type,All categories: Residence Type
2752,,Count,,,,2013ADMIN,E12000005,,,,Sex,All categories: Sex,Age,Age 25 to 34,Residence Type,Lives in a household
584,,Count,,,,2013ADMIN,E12000005,,,,Sex,All categories: Sex,Age,Age 25 to 34,Residence Type,Lives in a communal establishment
2239,,Count,,,,2013ADMIN,E12000005,,,,Sex,All categories: Sex,Age,Age 35 to 49,Residence Type,All categories: Residence Type
2120,,Count,,,,2013ADMIN,E12000005,,,,Sex,All categories: Sex,Age,Age 35 to 49,Residence Type,Lives in a household
119,,Count,,,,2013ADMIN,E12000005,,,,Sex,All categories: Sex,Age,Age 35 to 49,Residence Type,Lives in a communal establishment
452,,Count,,,,2013ADMIN,E12000005,,,,Sex,All categories: Sex,Age,Age 50 and over,Residence Type,All categories: Residence Type
433,,Count,,,,2013ADMIN,E12000005,,,,Sex,All categories: Sex,Age,Age 50 and over,Residence Type,Lives in a household
19,,Count,,,,2013ADMIN,E12000005,,,,Sex,All categories: Sex,Age,Age 50 and over,Residence Type,Lives in a communal establishment
8858,,Count,,,,2013ADMIN,E12000005,,,,Sex,Males,Age,All categories: Age 16 and over,Residence Type,All categories: Residence Type
7319,,Count,,,,2013ADMIN,E12000005,,,,Sex,Males,Age,All categories: Age 16 and over,Residence Type,Lives in a household
1539,,Count,,,,2013ADMIN,E12000005,,,,Sex,Males,Age,All categories: Age 16 and over,Residence Type,Lives in a communal establishment
3442,,Count,,,,2013ADMIN,E12000005,,,,Sex,Males,Age,Age 16 to 24,Residence Type,All categories: Residence Type
2535,,Count,,,,2013ADMIN,E12000005,,,,Sex,Males,Age,Age 16 to 24,Residence Type,Lives in a household
907,,Count,,,,2013ADMIN,E12000005,,,,Sex,Males,Age,Age 16 to 24,Residence Type,Lives in a communal establishment
2971,,Count,,,,2013ADMIN,E12000005,,,,Sex,Males,Age,Age 25 to 34,Residence Type,All categories: Residence Type
2458,,Count,,,,2013ADMIN,E12000005,,,,Sex,Males,Age,Age 25 to 34,Residence Type,Lives in a household
513,,Count,,,,2013ADMIN,E12000005,,,,Sex,Males,Age,Age 25 to 34,Residence Type,Lives in a communal establishment
2031,,Count,,,,2013ADMIN,E12000005,,,,Sex,Males,Age,Age 35 to 49,Residence Type,All categories: Residence Type
1928,,Count,,,,2013ADMIN,E12000005,,,,Sex,Males,Age,Age 35 to 49,Residence Type,Lives in a household
103,,Count,,,,2013ADMIN,E12000005,,,,Sex,Males,Age,Age 35 to 49,Residence Type,Lives in a communal establishment
414,,Count,,,,2013ADMIN,E12000005,,,,Sex,Males,Age,Age 50 and over,Residence Type,All categories: Residence Type
398,,Count,,,,2013ADMIN,E12000005,,,,Sex,Males,Age,Age 50 and over,Residence Type,Lives in a household
16,,Count,,,,2013ADMIN,E12000005,,,,Sex,Males,Age,Age 50 and over,Residence Type,Lives in a communal establishment
961,,Count,,,,2013ADMIN,E12000005,,,,Sex,Females,Age,All categories: Age 16 and over,Residence Type,All categories: Residence Type
783,,Count,,,,2013ADMIN,E12000005,,,,Sex,Females,Age,All categories: Age 16 and over,Residence Type,Lives in a household
178,,Count,,,,2013ADMIN,E12000005,,,,Sex,Females,Age,All categories: Age 16 and over,Residence Type,Lives in a communal establishment
350,,Count,,,,2013ADMIN,E12000005,,,,Sex,Females,Age,Age 16 to 24,Residence Type,All categories: Residence Type
262,,Count,,,,2013ADMIN,E12000005,,,,Sex,Females,Age,Age 16 to 24,Residence Type,Lives in a household
88,,Count,,,,2013ADMIN,E12000005,,,,Sex,Females,Age,Age 16 to 24,Residence Type,Lives in a communal establishment
365,,Count,,,,2013ADMIN,E12000005,,,,Sex,Females,Age,Age 25 to 34,Residence Type,All categories: Residence Type
294,,Count,,,,2013ADMIN,E12000005,,,,Sex,Females,Age,Age 25 to 34,Residence Type,Lives in a household
71,,Count,,,,2013ADMIN,E12000005,,,,Sex,Females,Age,Age 25 to 34,Residence Type,Lives in a communal establishment
208,,Count,,,,2013ADMIN,E12000005,,,,Sex,Females,Age,Age 35 to 49,Residence Type,All categories: Residence Type
192,,Count,,,,2013ADMIN,E12000005,,,,Sex,Females,Age,Age 35 to 49,Residence Type,Lives in a household
16,,Count,,,,2013ADMIN,E12000005,,,,Sex,Females,Age,Age 35 to 49,Residence Type,Lives in a communal establishment
38,,Count,,,,2013ADMIN,E12000005,,,,Sex,Females,Age,Age 50 and over,Residence Type,All categories: Residence Type
35,,Count,,,,2013ADMIN,E12000005,,,,Sex,Females,Age,Age 50 and over,Residence Type,Lives in a household
3,,Count,,,,2013ADMIN,E12000005,,,,Sex,Females,Age,Age 50 and over,Residence Type,Lives in a communal establishment
20655,,Count,,,,2013ADMIN,E12000006,,,,Sex,All categories: Sex,Age,All categories: Age 16 and over,Residence Type,All categories: Residence Type
14753,,Count,,,,2013ADMIN,E12000006,,,,Sex,All categories: Sex,Age,All categories: Age 16 and over,Residence Type,Lives in a household
5902,,Count,,,,2013ADMIN,E12000006,,,,Sex,All categories: Sex,Age,All categories: Age 16 and over,Residence Type,Lives in a communal establishment
5894,,Count,,,,2013ADMIN,E12000006,,,,Sex,All categories: Sex,Age,Age 16 to 24,Residence Type,All categories: Residence Type
3078,,Count,,,,2013ADMIN,E12000006,,,,Sex,All categories: Sex,Age,Age 16 to 24,Residence Type,Lives in a household
2816,,Count,,,,2013ADMIN,E12000006,,,,Sex,All categories: Sex,Age,Age 16 to 24,Residence Type,Lives in a communal establishment
8410,,Count,,,,2013ADMIN,E12000006,,,,Sex,All categories: Sex,Age,Age 25 to 34,Residence Type,All categories: Residence Type
5997,,Count,,,,2013ADMIN,E12000006,,,,Sex,All categories: Sex,Age,Age 25 to 34,Residence Type,Lives in a household
2413,,Count,,,,2013ADMIN,E12000006,,,,Sex,All categories: Sex,Age,Age 25 to 34,Residence Type,Lives in a communal establishment
5335,,Count,,,,2013ADMIN,E12000006,,,,Sex,All categories: Sex,Age,Age 35 to 49,Residence Type,All categories: Residence Type
4731,,Count,,,,2013ADMIN,E12000006,,,,Sex,All categories: Sex,Age,Age 35 to 49,Residence Type,Lives in a household
604,,Count,,,,2013ADMIN,E12000006,,,,Sex,All categories: Sex,Age,Age 35 to 49,Residence Type,Lives in a communal establishment
1016,,Count,,,,2013ADMIN,E12000006,,,,Sex,All categories: Sex,Age,Age 50 and over,Residence Type,All categories: Residence Type
947,,Count,,,,2013ADMIN,E12000006,,,,Sex,All categories: Sex,Age,Age 50 and over,Residence Type,Lives in a household
69,,Count,,,,2013ADMIN,E12000006,,,,Sex,All categories: Sex,Age,Age 50 and over,Residence Type,Lives in a communal establishment
18253,,Count,,,,2013ADMIN,E12000006,,,,Sex,Males,Age,All categories: Age 16 and over,Residence Type,All categories: Residence Type
12965,,Count,,,,2013ADMIN,E12000006,,,,Sex,Males,Age,All categories: Age 16 and over,Residence Type,Lives in a household
5288,,Count,,,,2013ADMIN,E12000006,,,,Sex,Males,Age,All categories: Age 16 and over,Residence Type,Lives in a communal establishment
5254,,Count,,,,2013ADMIN,E12000006,,,,Sex,Males,Age,Age 16 to 24,Residence Type,All categories: Residence Type
2702,,Count,,,,2013ADMIN,E12000006,,,,Sex,Males,Age,Age 16 to 24,Residence Type,Lives in a household
2552,,Count,,,,2013ADMIN,E12000006,,,,Sex,Males,Age,Age 16 to 24,Residence Type,Lives in a communal establishment
7345,,Count,,,,2013ADMIN,E12000006,,,,Sex,Males,Age,Age 25 to 34,Residence Type,All categories: Residence Type
5185,,Count,,,,2013ADMIN,E12000006,,,,Sex,Males,Age,Age 25 to 34,Residence Type,Lives in a household
2160,,Count,,,,2013ADMIN,E12000006,,,,Sex,Males,Age,Age 25 to 34,Residence Type,Lives in a communal establishment
4810,,Count,,,,2013ADMIN,E12000006,,,,Sex,Males,Age,Age 35 to 49,Residence Type,All categories: Residence Type
4261,,Count,,,,2013ADMIN,E12000006,,,,Sex,Males,Age,Age 35 to 49,Residence Type,Lives in a household
549,,Count,,,,2013ADMIN,E12000006,,,,Sex,Males,Age,Age 35 to 49,Residence Type,Lives in a communal establishment
844,,Count,,,,2013ADMIN,E12000006,,,,Sex,Males,Age,Age 50 and over,Residence Type,All categories: Residence Type
817,,Count,,,,2013ADMIN,E12000006,,,,Sex,Males,Age,Age 50 and over,Residence Type,Lives in a household
27,,Count,,,,2013ADMIN,E12000006,,,,Sex,Males,Age,Age 50 and over,Residence Type,Lives in a communal establishment
2402,,Count,,,,2013ADMIN,E12000006,,,,Sex,Females,Age,All categories: Age 16 and over,Residence Type,All categories: Residence Type
1788,,Count,,,,2013ADMIN,E12000006,,,,Sex,Females,Age,All categories: Age 16 and over,Residence Type,Lives in a household
614,,Count,,,,2013ADMIN,E12000006,,,,Sex,Females,Age,All categories: Age 16 and over,Residence Type,Lives in a communal establishment
640,,Count,,,,2013ADMIN,E12000006,,,,Sex,Females,Age,Age 16 to 24,Residence Type,All categories: Residence Type
376,,Count,,,,2013ADMIN,E12000006,,,,Sex,Females,Age,Age 16 to 24,Residence Type,Lives in a household
264,,Count,,,,2013ADMIN,E12000006,,,,Sex,Females,Age,Age 16 to 24,Residence Type,Lives in a communal establishment
1065,,Count,,,,2013ADMIN,E12000006,,,,Sex,Females,Age,Age 25 to 34,Residence Type,All categories: Residence Type
812,,Count,,,,2013ADMIN,E12000006,,,,Sex,Females,Age,Age 25 to 34,Residence Type,Lives in a household
253,,Count,,,,2013ADMIN,E12000006,,,,Sex,Females,Age,Age 25 to 34,Residence Type,Lives in a communal establishment
525,,Count,,,,2013ADMIN,E12000006,,,,Sex,Females,Age,Age 35 to 49,Residence Type,All categories: Residence Type
470,,Count,,,,2013ADMIN,E12000006,,,,Sex,Females,Age,Age 35 to 49,Residence Type,Lives in a household
55,,Count,,,,2013ADMIN,E12000006,,,,Sex,Females,Age,Age 35 to 49,Residence Type,Lives in a communal establishment
172,,Count,,,,2013ADMIN,E12000006,,,,Sex,Females,Age,Age 50 and over,Residence Type,All categories: Residence Type
130,,Count,,,,2013ADMIN,E12000006,,,,Sex,Females,Age,Age 50 and over,Residence Type,Lives in a household
42,,Count,,,,2013ADMIN,E12000006,,,,Sex,Females,Age,Age 50 and over,Residence Type,Lives in a communal establishment
6253,,Count,,,,2013ADMIN,E12000007,,,,Sex,All categories: Sex,Age,All categories: Age 16 and over,Residence Type,All categories: Residence Type
4936,,Count,,,,2013ADMIN,E12000007,,,,Sex,All categories: Sex,Age,All categories: Age 16 and over,Residence Type,Lives in a household
1317,,Count,,,,2013ADMIN,E12000007,,,,Sex,All categories: Sex,Age,All categories: Age 16 and over,Residence Type,Lives in a communal establishment
1672,,Count,,,,2013ADMIN,E12000007,,,,Sex,All categories: Sex,Age,Age 16 to 24,Residence Type,All categories: Residence Type
930,,Count,,,,2013ADMIN,E12000007,,,,Sex,All categories: Sex,Age,Age 16 to 24,Residence Type,Lives in a household
742,,Count,,,,2013ADMIN,E12000007,,,,Sex,All categories: Sex,Age,Age 16 to 24,Residence Type,Lives in a communal establishment
2290,,Count,,,,2013ADMIN,E12000007,,,,Sex,All categories: Sex,Age,Age 25 to 34,Residence Type,All categories: Residence Type
1869,,Count,,,,2013ADMIN,E12000007,,,,Sex,All categories: Sex,Age,Age 25 to 34,Residence Type,Lives in a household
421,,Count,,,,2013ADMIN,E12000007,,,,Sex,All categories: Sex,Age,Age 25 to 34,Residence Type,Lives in a communal establishment
1811,,Count,,,,2013ADMIN,E12000007,,,,Sex,All categories: Sex,Age,Age 35 to 49,Residence Type,All categories: Residence Type
1701,,Count,,,,2013ADMIN,E12000007,,,,Sex,All categories: Sex,Age,Age 35 to 49,Residence Type,Lives in a household
110,,Count,,,,2013ADMIN,E12000007,,,,Sex,All categories: Sex,Age,Age 35 to 49,Residence Type,Lives in a communal establishment
480,,Count,,,,2013ADMIN,E12000007,,,,Sex,All categories: Sex,Age,Age 50 and over,Residence Type,All categories: Residence Type
436,,Count,,,,2013ADMIN,E12000007,,,,Sex,All categories: Sex,Age,Age 50 and over,Residence Type,Lives in a household
44,,Count,,,,2013ADMIN,E12000007,,,,Sex,All categories: Sex,Age,Age 50 and over,Residence Type,Lives in a communal establishment
5680,,Count,,,,2013ADMIN,E12000007,,,,Sex,Males,Age,All categories: Age 16 and over,Residence Type,All categories: Residence Type
4456,,Count,,,,2013ADMIN,E12000007,,,,Sex,Males,Age,All categories: Age 16 and over,Residence Type,Lives in a household
1224,,Count,,,,2013ADMIN,E12000007,,,,Sex,Males,Age,All categories: Age 16 and over,Residence Type,Lives in a communal establishment
1571,,Count,,,,2013ADMIN,E12000007,,,,Sex,Males,Age,Age 16 to 24,Residence Type,All categories: Residence Type
865,,Count,,,,2013ADMIN,E12000007,,,,Sex,Males,Age,Age 16 to 24,Residence Type,Lives in a household
706,,Count,,,,2013ADMIN,E12000007,,,,Sex,Males,Age,Age 16 to 24,Residence Type,Lives in a communal establishment
2049,,Count,,,,2013ADMIN,E12000007,,,,Sex,Males,Age,Age 25 to 34,Residence Type,All categories: Residence Type
1663,,Count,,,,2013ADMIN,E12000007,,,,Sex,Males,Age,Age 25 to 34,Residence Type,Lives in a household
386,,Count,,,,2013ADMIN,E12000007,,,,Sex,Males,Age,Age 25 to 34,Residence Type,Lives in a communal establishment
1640,,Count,,,,2013ADMIN,E12000007,,,,Sex,Males,Age,Age 35 to 49,Residence Type,All categories: Residence Type
1542,,Count,,,,2013ADMIN,E12000007,,,,Sex,Males,Age,Age 35 to 49,Residence Type,Lives in a household
98,,Count,,,,2013ADMIN,E12000007,,,,Sex,Males,Age,Age 35 to 49,Residence Type,Lives in a communal establishment
420,,Count,,,,2013ADMIN,E12000007,,,,Sex,Males,Age,Age 50 and over,Residence Type,All categories: Residence Type
386,,Count,,,,2013ADMIN,E12000007,,,,Sex,Males,Age,Age 50 and over,Residence Type,Lives in a household
34,,Count,,,,2013ADMIN,E12000007,,,,Sex,Males,Age,Age 50 and over,Residence Type,Lives in a communal establishment
573,,Count,,,,2013ADMIN,E12000007,,,,Sex,Females,Age,All categories: Age 16 and over,Residence Type,All categories: Residence Type
480,,Count,,,,2013ADMIN,E12000007,,,,Sex,Females,Age,All categories: Age 16 and over,Residence Type,Lives in a household
93,,Count,,,,2013ADMIN,E12000007,,,,Sex,Females,Age,All categories: Age 16 and over,Residence Type,Lives in a communal establishment
101,,Count,,,,2013ADMIN,E12000007,,,,Sex,Females,Age,Age 16 to 24,Residence Type,All categories: Residence Type
65,,Count,,,,2013ADMIN,E12000007,,,,Sex,Females,Age,Age 16 to 24,Residence Type,Lives in a household
36,,Count,,,,2013ADMIN,E12000007,,,,Sex,Females,Age,Age 16 to 24,Residence Type,Lives in a communal establishment
241,,Count,,,,2013ADMIN,E12000007,,,,Sex,Females,Age,Age 25 to 34,Residence Type,All categories: Residence Type
206,,Count,,,,2013ADMIN,E12000007,,,,Sex,Females,Age,Age 25 to 34,Residence Type,Lives in a household
35,,Count,,,,2013ADMIN,E12000007,,,,Sex,Females,Age,Age 25 to 34,Residence Type,Lives in a communal establishment
171,,Count,,,,2013ADMIN,E12000007,,,,Sex,Females,Age,Age 35 to 49,Residence Type,All categories: Residence Type
159,,Count,,,,2013ADMIN,E12000007,,,,Sex,Females,Age,Age 35 to 49,Residence Type,Lives in a household
12,,Count,,,,2013ADMIN,E12000007,,,,Sex,Females,Age,Age 35 to 49,Residence Type,Lives in a communal establishment
60,,Count,,,,2013ADMIN,E12000007,,,,Sex,Females,Age,Age 50 and over,Residence Type,All categories: Residence Type
50,,Count,,,,2013ADMIN,E12000007,,,,Sex,Females,Age,Age 50 and over,Residence Type,Lives in a household
10,,Count,,,,2013ADMIN,E12000007,,,,Sex,Females,Age,Age 50 and over,Residence Type,Lives in a communal establishment
33483,,Count,,,,2013ADMIN,E12000008,,,,Sex,All categories: Sex,Age,All categories: Age 16 and over,Residence Type,All categories: Residence Type
24506,,Count,,,,2013ADMIN,E12000008,,,,Sex,All categories: Sex,Age,All categories: Age 16 and over,Residence Type,Lives in a household
8977,,Count,,,,2013ADMIN,E12000008,,,,Sex,All categories: Sex,Age,All categories: Age 16 and over,Residence Type,Lives in a communal establishment
8551,,Count,,,,2013ADMIN,E12000008,,,,Sex,All categories: Sex,Age,Age 16 to 24,Residence Type,All categories: Residence Type
4001,,Count,,,,2013ADMIN,E12000008,,,,Sex,All categories: Sex,Age,Age 16 to 24,Residence Type,Lives in a household
4550,,Count,,,,2013ADMIN,E12000008,,,,Sex,All categories: Sex,Age,Age 16 to 24,Residence Type,Lives in a communal establishment
12025,,Count,,,,2013ADMIN,E12000008,,,,Sex,All categories: Sex,Age,Age 25 to 34,Residence Type,All categories: Residence Type
8631,,Count,,,,2013ADMIN,E12000008,,,,Sex,All categories: Sex,Age,Age 25 to 34,Residence Type,Lives in a household
3394,,Count,,,,2013ADMIN,E12000008,,,,Sex,All categories: Sex,Age,Age 25 to 34,Residence Type,Lives in a communal establishment
10769,,Count,,,,2013ADMIN,E12000008,,,,Sex,All categories: Sex,Age,Age 35 to 49,Residence Type,All categories: Residence Type
9846,,Count,,,,2013ADMIN,E12000008,,,,Sex,All categories: Sex,Age,Age 35 to 49,Residence Type,Lives in a household
923,,Count,,,,2013ADMIN,E12000008,,,,Sex,All categories: Sex,Age,Age 35 to 49,Residence Type,Lives in a communal establishment
2138,,Count,,,,2013ADMIN,E12000008,,,,Sex,All categories: Sex,Age,Age 50 and over,Residence Type,All categories: Residence Type
2028,,Count,,,,2013ADMIN,E12000008,,,,Sex,All categories: Sex,Age,Age 50 and over,Residence Type,Lives in a household
110,,Count,,,,2013ADMIN,E12000008,,,,Sex,All categories: Sex,Age,Age 50 and over,Residence Type,Lives in a communal establishment
29858,,Count,,,,2013ADMIN,E12000008,,,,Sex,Males,Age,All categories: Age 16 and over,Residence Type,All categories: Residence Type
21897,,Count,,,,2013ADMIN,E12000008,,,,Sex,Males,Age,All categories: Age 16 and over,Residence Type,Lives in a household
7961,,Count,,,,2013ADMIN,E12000008,,,,Sex,Males,Age,All categories: Age 16 and over,Residence Type,Lives in a communal establishment
7613,,Count,,,,2013ADMIN,E12000008,,,,Sex,Males,Age,Age 16 to 24,Residence Type,All categories: Residence Type
3539,,Count,,,,2013ADMIN,E12000008,,,,Sex,Males,Age,Age 16 to 24,Residence Type,Lives in a household
4074,,Count,,,,2013ADMIN,E12000008,,,,Sex,Males,Age,Age 16 to 24,Residence Type,Lives in a communal establishment
10527,,Count,,,,2013ADMIN,E12000008,,,,Sex,Males,Age,Age 25 to 34,Residence Type,All categories: Residence Type
7561,,Count,,,,2013ADMIN,E12000008,,,,Sex,Males,Age,Age 25 to 34,Residence Type,Lives in a household
2966,,Count,,,,2013ADMIN,E12000008,,,,Sex,Males,Age,Age 25 to 34,Residence Type,Lives in a communal establishment
9763,,Count,,,,2013ADMIN,E12000008,,,,Sex,Males,Age,Age 35 to 49,Residence Type,All categories: Residence Type
8925,,Count,,,,2013ADMIN,E12000008,,,,Sex,Males,Age,Age 35 to 49,Residence Type,Lives in a household
838,,Count,,,,2013ADMIN,E12000008,,,,Sex,Males,Age,Age 35 to 49,Residence Type,Lives in a communal establishment
1955,,Count,,,,2013ADMIN,E12000008,,,,Sex,Males,Age,Age 50 and over,Residence Type,All categories: Residence Type
1872,,Count,,,,2013ADMIN,E12000008,,,,Sex,Males,Age,Age 50 and over,Residence Type,Lives in a household
83,,Count,,,,2013ADMIN,E12000008,,,,Sex,Males,Age,Age 50 and over,Residence Type,Lives in a communal establishment
3625,,Count,,,,2013ADMIN,E12000008,,,,Sex,Females,Age,All categories: Age 16 and over,Residence Type,All categories: Residence Type
2609,,Count,,,,2013ADMIN,E12000008,,,,Sex,Females,Age,All categories: Age 16 and over,Residence Type,Lives in a household
1016,,Count,,,,2013ADMIN,E12000008,,,,Sex,Females,Age,All categories: Age 16 and over,Residence Type,Lives in a communal establishment
938,,Count,,,,2013ADMIN,E12000008,,,,Sex,Females,Age,Age 16 to 24,Residence Type,All categories: Residence Type
462,,Count,,,,2013ADMIN,E12000008,,,,Sex,Females,Age,Age 16 to 24,Residence Type,Lives in a household
476,,Count,,,,2013ADMIN,E12000008,,,,Sex,Females,Age,Age 16 to 24,Residence Type,Lives in a communal establishment
1498,,Count,,,,2013ADMIN,E12000008,,,,Sex,Females,Age,Age 25 to 34,Residence Type,All categories: Residence Type
1070,,Count,,,,2013ADMIN,E12000008,,,,Sex,Females,Age,Age 25 to 34,Residence Type,Lives in a household
428,,Count,,,,2013ADMIN,E12000008,,,,Sex,Females,Age,Age 25 to 34,Residence Type,Lives in a communal establishment
1006,,Count,,,,2013ADMIN,E12000008,,,,Sex,Females,Age,Age 35 to 49,Residence Type,All categories: Residence Type
921,,Count,,,,2013ADMIN,E12000008,,,,Sex,Females,Age,Age 35 to 49,Residence Type,Lives in a household
85,,Count,,,,2013ADMIN,E12000008,,,,Sex,Females,Age,Age 35 to 49,Residence Type,Lives in a communal establishment
183,,Count,,,,2013ADMIN,E12000008,,,,Sex,Females,Age,Age 50 and over,Residence Type,All categories: Residence Type
156,,Count,,,,2013ADMIN,E12000008,,,,Sex,Females,Age,Age 50 and over,Residence Type,Lives in a household
27,,Count,,,,2013ADMIN,E12000008,,,,Sex,Females,Age,Age 50 and over,Residence Type,Lives in a communal establishment
34032,,Count,,,,2013ADMIN,E12000009,,,,Sex,All categories: Sex,Age,All categories: Age 16 and over,Residence Type,All categories: Residence Type
25086,,Count,,,,2013ADMIN,E12000009,,,,Sex,All categories: Sex,Age,All categories: Age 16 and over,Residence Type,Lives in a household
8946,,Count,,,,2013ADMIN,E12000009,,,,Sex,All categories: Sex,Age,All categories: Age 16 and over,Residence Type,Lives in a communal establishment
8917,,Count,,,,2013ADMIN,E12000009,,,,Sex,All categories: Sex,Age,Age 16 to 24,Residence Type,All categories: Residence Type
3730,,Count,,,,2013ADMIN,E12000009,,,,Sex,All categories: Sex,Age,Age 16 to 24,Residence Type,Lives in a household
*********,500,,,,,,,,,,,,,,